x1,x2,class
-2.5601325332490346,1.2372095145106394,1
6.018613003773858,6.135710922322305,0
-1.071651367161314,1.861930194287974,1
10.356209585712076,5.408541845994149,0
-5.291014955769213,-1.4722525257157972,1
-2.7952850798408573,2.8037283357132834,1
1.9269849145158657,4.544813998681407,0
1.3877003534566175,3.5896595682249783,1
7.051856531910522,3.298484236797904,0
-4.703092790937923,-3.3632437996795277,1
7.4751557649701,3.583040056193191,0
-3.533488588488378,0.3525496029891697,1
-1.8658279119624706,1.0521105402409678,1
6.07675420172351,4.3495876211099125,0
6.53696282609295,3.7507015829232255,0
3.7765612863868325,3.8896281718893584,0
7.149972501030167,4.006569847306679,0
4.623119140846642,2.8708069983864437,0
-1.4563975661980662,2.518139051023339,1
-2.8141030500336575,-0.4241778879979312,1
3.5227073318211506,2.3044170286984818,0
-0.5680422591700598,2.5531720081888984,1
-2.6522878810506585,-0.5237064791248636,1
-6.070798199729175,-6.901176370750606,1
-0.5708469768295521,-0.39752663298285285,1
5.172314231913273,3.845428434864247,0
-5.320342951204239,-1.2287737957945661,1
2.767226131553635,3.232081751079311,0
6.827661840162094,2.585834803545791,0
5.5313851285632625,6.467941837746224,0
3.6970740845555783,2.619997560868753,0
7.161224557678544,7.246941006633737,0
4.284732545593756,4.66494139512178,0
5.167371963287256,3.2431178129423657,0
-0.386703493364394,1.8263608371240154,1
4.222480983371331,3.427587350823864,0
-6.839870218555052,-4.080689829960031,1
-0.81454465712571,3.969431088766923,1
-2.067753607344521,-0.24181217578109448,1
5.504127420444874,5.434287839445487,0
1.1398426923006646,-2.203290565350019,0
-0.895696760762438,-0.17730785242873925,1
7.748679775131662,3.7436728630498686,0
8.898610124616631,4.0823492981661,0
-5.081244637077759,-1.6262699187354812,1
6.003578390912528,3.615301268621197,0
7.8311139618120515,4.789023640455408,0
5.4800202854136355,7.4047308123603575,0
5.271759926462014,2.292683686398286,0
-0.37175793117443856,4.906118206472044,1
-1.4629840591510899,1.7276413428027726,1
4.5990902896687675,5.470184540599066,0
0.0006314875129120878,1.6893769174535054,1
6.8963096466630605,5.180276270514202,0
4.422546535316803,2.900889618507637,0
-4.705999672094311,-0.7745457963973204,1
-4.562517579668926,-2.447301201034007,1
0.19370849753024189,2.459827282745648,1
-7.719737809722075,-4.583339359574377,1
10.446992516832665,6.453715137026013,0
-5.265416767539799,-2.7882249646882484,1
6.1587237586035775,4.144513197747094,0
-2.6588472493446274,0.48162139879872545,1
-2.8679999093362496,-0.6974703883558253,1
-0.957779569854367,2.8217237130353148,1
-3.8496563400555734,-2.608741161785631,1
6.551708159477728,7.091421945588438,0
-1.6918694872840752,1.4329545954099816,1
5.778554044128468,2.6097778996617347,0
-2.4382031789917895,0.8631201587986177,1
-4.1400691648144985,-1.8478328014393992,1
5.41135600419039,3.2989720864921397,0
-4.679710143221751,-2.755912244747615,1
-0.6585092947510591,3.1035194285597782,1
4.334242560853495,4.430499320137887,0
5.105730899614159,3.3248030006885383,0
0.48942540046643845,2.4268427834872273,1
8.780097105544284,5.255318507829954,0
2.8458590836902475,3.4598756475791888,0
-1.525247258844084,-0.2755281522235469,1
-1.3723018194598113,3.455423112554847,0
6.627423172331133,5.880616592886519,0
-4.159849056532176,-2.8719116996166996,1
-3.2651220375799506,1.0276117999172283,1
-5.040355428123446,-4.037277053006749,1
-4.147270036690082,-0.223719268736978,1
-0.815443004676728,1.7801330464203815,1
3.5954444678751383,7.081285092681108,0
5.676954633613707,3.1458840787542806,0
-1.3373881672507348,2.7725148696726714,1
-5.5381753166172,-2.64720832242729,1
-2.101867584669119,1.9608911371638982,1
5.677830170688042,3.003033723033117,0
7.642483560729782,5.795270347808105,0
-4.2371370370996555,-0.9399509689941312,1
-1.2684678456916938,0.4185974026751148,1
3.1821973212442773,3.6899074611116416,0
-2.0806030981954224,2.771787859320359,1
-1.191245624429519,1.4294532258275015,1
-0.915393596452168,4.793115871242206,1
6.520651890425204,6.349884460478609,0
5.423610819061165,2.889176681999884,0
7.68835247141709,8.021497808636159,0
-0.8535263682408516,3.4615109104584403,1
2.391346695320371,6.586694148512035,0
6.714835140206116,5.855673394860694,0
3.789495751097947,0.7869128855848588,0
4.913800614349228,3.7415993107071306,0
3.505598470066942,4.07071612149726,0
4.145246762458227,2.591846582286801,0
4.694539383611206,3.48462307161086,0
-4.277794489672258,-1.9542348414338213,1
0.0391802425181047,3.9659763362613827,1
-2.1270280188659028,-1.0722309556432275,1
7.480428792238848,2.6113673208126125,0
6.193343096271601,1.626120836843235,0
-1.449039742625081,2.3626949070627843,1
7.211883727561411,4.3936779503547,0
4.158736797817453,1.2068191655876435,0
-2.0348045872867333,0.8657686108291075,1
-4.8352126376255855,-2.445686327366803,1
1.858791391179274,5.814487867656814,1
-0.397010147944582,3.1742257007856045,1
6.006942957501731,4.041362640052442,0
5.126335899595631,3.7205079300045356,0
-3.210638779780282,-1.7419012083341707,1
5.32658899251192,4.478015568425587,0
5.537504986503982,7.94968850275926,0
0.5389060222246829,5.362810426787334,1
4.2372274765704505,2.8618854947135457,0
-1.416001767223129,1.8455052744273808,1
0.4891800357568359,5.625006952859463,1
4.252509024191053,3.6099909507637067,0
4.350288582846636,4.239742219237102,0
4.182894399101322,5.899136590835843,0
-0.9881669035205738,1.708708725039482,1
-1.2552699518288313,3.398750185731269,1
-2.2903420830768955,0.17635995225693857,1
1.7948675641604948,5.397646431996654,1
-2.9467656086136196,1.105666685465798,1
-5.516401319292791,-1.6417431939319709,1
7.019658231053497,6.912302526139625,0
1.7797868683834266,5.515072448183062,1
2.949760282185184,2.144968267176064,0
-1.6718887505814148,0.5544552677955576,1
3.8121402276640817,5.720240590578998,0
10.159150649551163,8.464103825164127,0
-1.8680946618542493,-1.2558084965997627,1
3.570591561997871,6.445053886856904,0
6.613029973203202,5.424504864698088,0
-3.4957094296529623,-0.15574501112628392,1
6.855107521935974,3.703635604645509,0
5.226128123138389,2.6410764622225607,0
-2.4998956821985705,0.7887213686935242,1
7.679704933850277,4.114435633329235,0
5.933280913032391,5.566269436379008,0
1.901938908890227,2.582379234278622,0
-2.5985231886516904,0.44803656548595094,1
-1.0581253309664076,1.5453585645278842,0
-5.768281334208373,-2.972010177189237,1
5.954177086823568,5.809769883317834,0
5.210318548165997,2.812957676196337,0
5.963554298189471,3.571669074848065,0
-2.996019654405506,1.0824924816432073,1
-2.6810425127193467,0.6464506908620786,1
0.7253918955690799,4.219972139677282,1
-1.7976720978960932,-0.06889600330499679,1
-1.7355048645791704,1.1929649620477483,1
7.51006812261006,3.548995097480028,0
-1.9676126057059231,-0.8553798485870376,1
-3.739188678330283,-2.483353107680413,1
5.964692360257969,4.4567670041624075,0
-3.6464653422001714,-0.2710283244231544,1
-0.4669671455932547,3.9288372653671066,1
9.1294352074612,3.896126309520138,0
-4.1709817063811325,1.4836514470702324,1
7.26332406818463,4.993697740241717,0
1.0838695804172307,3.677640167859042,1
4.958875699140536,5.744587331786446,0
-8.099191605717394,-6.463994879367494,1
1.3351366890648793,6.6760868721329425,1
5.17641159071144,3.7365400001787688,0
-2.4193043009557895,2.3362884522592484,1
-1.0527825825278012,2.012506681148836,1
5.64232496463519,5.706583712398066,0
5.597398185666699,2.774510939392119,0
-2.4352817711690573,0.05154113239333857,1
-4.639710772626327,-1.4476599661290588,1
-2.0287164077234077,2.0849815640716898,1
-0.7296812577960947,2.1341964072837643,1
6.801021705822947,4.452596782373929,0
8.747277989648168,6.094819056920264,0
-4.060878952543498,-0.6753719812567076,1
9.826195096462326,4.680228224479743,0
5.213049783118509,2.402091672398388,0
3.405618944128886,6.169968704536984,0
-4.137911035198014,-0.48080334008919556,1
8.281988967433074,2.7305161599895706,0
3.923655951429061,0.7505202322478803,0
-4.170508029253771,-0.4207512238016087,1
-6.960754381874991,-6.188690026468787,1
2.364954373083058,6.25521466320089,0
5.432914842165629,5.614727487752338,0
5.790574322483777,5.51175767779746,0
5.569795959365411,-0.7758729068404655,0
4.266822650703462,2.588305682935431,0
-1.9088133820871123,1.4455006148846294,1
-4.263780985448753,-0.0011516113006933004,1
-5.749869969697116,-4.784554859872098,1
3.2670455326413963,2.7142366301907606,0
-4.672013182108188,-2.0909498633949766,1
3.654248099868137,0.276721991222435,0
5.073918514965517,4.8008271906436635,0
7.35887276094914,2.351828176816113,0
5.845114383305315,3.861803153374346,0
-4.712884787501933,-1.7494315475088333,1
-0.1501614027836431,-0.869342588718852,1
4.736227117447731,5.031196498866679,0
7.333180096381234,5.573567072801444,0
-3.0395606239156967,-1.3948590939213101,1
4.949046830127604,1.7798255852551277,0
5.35775428833831,5.276525831771533,0
10.662719219645478,6.827350879326339,0
1.7462538542834989,5.38755107767436,1
-1.4556741147592067,0.41504400438679545,1
-2.9695304640693228,0.4971009007613798,1
7.731659329584179,5.917771832039062,0
3.0078218688243914,4.822785591451824,0
0.1799723474008692,3.298882728264507,1
7.025870778977827,5.723767023763969,0
-0.12726384987031758,3.971304538781871,1
4.99911881126426,4.656442815829222,0
-2.4070358107773586,1.0504778186065302,1
-0.5748102861041997,1.8258682701105875,1
-3.492349448648959,0.20385181553158194,1
6.219508774497639,4.369961318911456,0
-3.078991204342249,0.37877076333423554,1
7.122063564524847,6.543397319974089,0
-2.8381949531028554,-1.7074828007959346,1
6.199921448515374,6.6013677622345455,0
4.852160946194812,1.106154912423733,0
-2.0713599001014016,0.16140934285852815,1
-0.0938087355714945,4.524612986887511,0
4.53287468372045,3.5186409734634183,0
-0.6207030226961978,2.2148152063158077,1
8.125462915075481,5.944048887148508,0
3.569228731731005,2.8264719167135364,0
0.1062288577551933,4.401977211336116,1
1.7293668425848705,-2.8246064360672793,0
-0.2609236333287275,2.366263463012173,1
-4.6383837378370165,-1.656585162853014,1
6.556197984589371,6.026750207765898,0
-0.8754798034091458,2.2599600646691753,1
4.5952891063632375,4.411361460125771,0
-0.5207547075836692,2.1055684531626007,1
-2.3798362633940506,1.5294049833390093,1
4.3425704536733605,-1.296650999829076,0
4.383415801948152,4.524489874225122,0
0.8656337119345561,4.608068763895856,1
-4.506122514568814,-1.5975006756185146,1
3.7916183988541814,4.757097420900297,0
-1.7378834648338928,1.0527267914201317,1
2.9747721929054105,3.5614666633052603,0
-3.775522881404381,-2.6049507377409276,1
-3.773070156558039,-1.4290322761999685,1
-2.8305427281138162,0.6750318805803852,1
6.842376277862259,5.728467195435201,0
7.78980676723318,6.655900421436778,0
4.374069963820011,5.033108047868157,0
-3.8940894498049827,-3.0345762773817775,1
-4.565811466107983,-4.246090052356796,1
-3.4021774034104215,0.6780710638824011,1
2.012878942996717,3.971427964345177,0
-3.7500168515516448,-1.0878870043928854,1
-0.5484328750796774,4.024644464544431,1
-2.6281187011272715,1.4187110078255416,1
3.786401937836419,5.3675294624787675,0
5.370156054733439,6.032219770069387,0
-1.8124686743114462,1.6206607160506588,1
6.994494750325821,3.8549899277464412,0
-0.225627119162239,4.400021959002672,1
-1.2035430860177552,3.3068256090070336,1
3.17168528534686,2.3665121112624234,0
-1.6124421660339066,2.7849057680412552,1
-1.9759051595708377,1.3234027726433442,1
2.4649932052138532,0.986281950267804,0
5.08908429314357,5.714286868650859,0
-1.936352623834439,0.9215795455392172,1
6.20097364153825,4.91939186870548,0
1.1157736612120406,1.5773230434893297,0
0.8886183637813718,5.59290880661565,1
0.3182928713580302,3.087678173454126,1
-3.990617361962966,0.49867765039442224,1
-2.0716797683190324,0.062081306003651804,1
5.753149400717989,6.018865229932603,0
7.638784999124546,2.765108917884176,0
3.946004669168804,2.749033700149957,0
-2.781901555938121,2.685769481236805,1
-1.4150177430570114,2.233689030432297,1
4.503507140435295,3.5314775841658803,0
6.948319933829934,2.933668638283839,0
8.386943855870337,6.414328037723675,0
-1.141559467897181,1.0523259667533813,1
-0.6004997763955862,6.426429732540018,1
5.539108532997925,4.818957157076151,0
-1.2914690127455988,1.7111971273357478,1
-1.200787497347847,1.0907207407925326,1
-2.8378677149424254,-0.9580453542928247,1
8.672116191004399,4.015325568121394,0
8.24970097694618,6.579930916974631,0
2.1486537303734465,5.150903474407642,1
-2.1925930887186458,2.8876367896102595,1
2.7336851260520394,4.637512311924771,1
4.508027399529142,7.50995360270945,0
-0.2063199705970722,2.53478373082127,1
3.9624922684929413,5.053556818072302,0
0.24642874763339329,3.2768356241165115,1
-0.2542419636943585,1.747111283380253,1
-2.1836574531791957,-0.1390281795536008,1
-3.4775705169347777,-1.1478478059580426,1
3.7207911851760374,3.613853537235925,0
1.1467063959827701,4.399194655881236,1
5.8504395879055044,5.474458531007992,0
3.2304732062164234,3.1266719340888303,0
5.264918163726724,3.1440192261205735,0
2.695424974860328,1.1520762074857434,0
-3.060273350659653,-1.5778294865343785,1
10.97090283978179,7.214884286086059,0
-4.546886903530895,-1.3692605854691657,1
7.703583650294508,7.124166232466802,0
5.242304959053246,3.800370323480537,0
7.567185443970502,4.8455020869233625,0
-2.193613831165166,0.6034654136231712,1
5.913566126931175,7.8575952599114425,0
6.233251036046093,4.275044694222133,0
-4.413590276481597,-1.4614227468841863,1
4.360121849068937,3.676360018879156,0
3.6512489008018436,5.309170081675822,0
-0.6826426966397998,5.0207772649321445,1
-2.3101382776105037,-0.8905366655981322,1
-2.6855209651505554,2.1128860195632955,1
4.684821882781901,2.5297441080706,0
-0.5603618236651764,3.1610949160047492,1
3.632664662983962,1.2402405598241626,0
8.965222167846528,4.877971762802366,0
-1.7245215086975128,3.0243200620592043,1
3.317347179743928,1.8272258773625234,0
1.9369841849772147,4.738212003732716,1
-0.7415747666529069,4.825574312158718,1
4.629885604462413,1.224492432660353,0
3.515403645655085,4.208571617341892,0
6.4264212565777346,2.696937952174604,0
-1.9379129148635703,0.9181579978840061,1
-4.713828402927142,-2.5261014526501824,1
5.062774818570942,7.7366018752135695,0
3.4863262671010746,0.36976416542580015,0
-0.13936664483495242,2.72310619035981,1
0.9067048267832511,3.548594334768712,1
-3.4144964969528315,-0.4297947558993358,1
0.21073366425658335,3.6323239024465632,1
5.59599853631067,4.383634675065518,0
6.905383588768059,5.220701711440294,0
3.920255952400975,4.977817791891994,0
5.934244968475916,2.1087132006911835,0
6.056752761315639,5.103463393544751,0
2.9496608671000146,4.350273383618657,0
-3.0662526877403415,0.31341949321212326,1
5.726267533781579,4.442261104966537,0
0.8789076685351107,5.308340579254748,1
5.324602048118866,5.229269949405143,0
0.7784647174105235,3.4472411922796753,1
0.06708226379930338,5.86530114045586,1
8.563090311378257,5.5319321489631745,0
0.020486245037831807,4.583848998428314,1
-2.352950844934915,-1.4190939059876824,1
-2.2016774157323376,1.315920994744359,1
2.0684642761496255,1.3305185085364641,0
-1.5680719149892877,3.1098119977403984,1
-1.2134366428082906,1.6934776658491906,1
-3.177237485490652,0.6884139710947366,1
-0.8090302500412732,2.9195579238218565,1
2.7640520710052896,2.3578838124775143,0
4.40752671391572,4.138475659201389,0
-2.379313938297451,-0.813520136223665,1
-0.9447696097709155,3.567723265184079,1
8.080116310173196,8.314679471157714,0
2.9271222935667303,3.281925030951335,0
-2.6250967195115282,4.509393192407883,1
4.314477214618287,2.161182630150901,0
-4.328816942536276,-1.8467572094391027,1
-5.71213672354477,-1.605716586662445,1
-1.2428676840444812,1.0651193194336082,1
6.66747516865718,3.1134422787167235,0
4.0567144129640305,1.6074923099285812,0
2.5743245990875057,1.4196122394457973,0
8.381266548790366,6.574082311751699,0
1.0482457627436643,5.764196146898521,1
-4.130329219330672,-1.8370778725601418,1
2.877697648233745,1.4950096748436246,0
6.455632996506796,3.2263990703709426,0
6.219602586848195,2.89573377408802,0
3.1804000450274623,5.046829058239807,0
5.189437172293707,3.7818734500446123,0
7.940540689599715,7.128906806064339,0
1.6647624407776727,0.7359153947469221,0
0.31708866095835164,2.5823061258971607,1
-3.715463938109645,-1.654961820314501,1
4.166089559374563,3.2826382212454557,0
1.2436630272810172,3.9459990969334395,1
-4.78068262847485,-3.9901237348310366,1
6.171151380560309,5.46840557116597,0
7.283651581915139,1.7628220672394352,0
-0.3393070817801269,0.9778699947424497,1
5.689770665393876,4.892665526693976,0
8.425101019971049,7.9605239446587195,0
-1.6489890646959806,0.7108304173984571,1
1.816001149190738,4.07387504443872,0
4.8795517303175515,5.354582867251724,0
3.454199501499862,2.912622249729999,0
-2.758765990835153,0.24469483031069705,1
6.9917692600615045,1.8229649500845566,0
6.846966378386375,2.4356619463553404,0
-3.194911645701467,-2.1499446194349074,1
5.182306747507504,4.91303423163504,0
-3.6583108154978583,0.28661251649565267,1
-5.448103132555696,-0.19711484788530353,1
-0.45100832256677603,3.021566824290916,1
-1.6194219578875353,0.3826669931465507,1
-3.219119423492989,-0.6530290459850836,1
-3.8314960936386786,-2.637009180151479,1
3.3951706930695362,2.457341868611842,0
-0.6548108866791686,2.590136619667078,1
-3.1140390267297375,1.5074356607752586,1
6.432468281259441,7.141839741530563,0
2.329251424478838,6.471612659910138,1
-1.59921189498575,0.9590264072821717,1
-3.4262949458118652,0.2052084604339659,1
5.715174180276685,4.101779604624811,0
2.2161708715582673,3.334618349350908,0
-2.229078689325193,-0.391454603481602,1
3.6825032352690923,2.808507971938491,0
8.56763103415436,5.979358454103512,0
1.8922294877682697,5.268100351246683,1
3.464659890632048,3.5970354077817133,0
-3.471633385317242,1.2768011158400396,1
5.089247578075436,2.9662815245096685,0
3.122084866217011,5.515258232158712,0
0.8773249772857303,3.079671699287085,1
6.454797820427266,7.976672467553234,0
-2.9981228094540895,1.699954364813057,1
2.9392090908323376,2.848049767261063,0
-1.78283567654167,1.3879148726926251,1
9.681471580965491,6.077112567240856,0
-0.695371951518283,3.805034213848451,1
-0.4247874163639207,2.443163722601377,1
-3.1322559083292134,-0.04275661742883097,1
4.495406391188702,3.1615505309715717,0
-3.0519467835714678,-1.5713027699352313,1
0.39918397976447695,5.320230595898307,1
6.185306239765328,3.700922051770455,0
6.567726943536713,3.6854827516867967,0
4.709393534991557,7.806904836718131,0
4.471590394660702,4.131477471975231,0
-1.2803131514029682,-1.731659128390993,1
5.207111347766027,4.151146434705591,0
4.7502567014267365,3.3918034505272265,0
3.805210206577277,4.493980587547917,0
4.15734234103748,-0.09482663621555254,0
5.809320439890712,6.14049091251757,0
1.5293567566314215,2.577554436313471,0
7.000590815948577,4.885133040958148,0
4.694416157439123,5.194659781713012,0
3.4251956626099496,4.594225984469881,0
-1.583566922540411,0.8672002312707958,1
-2.988057469436833,-1.47341816127779,1
3.9967271281434225,4.230355527522982,0
4.738068669094195,5.570691551243328,0
2.7527842112446446,4.875660614851791,0
5.656257275527322,2.6391851916411064,0
-1.8457398071387336,0.7902177808417238,1
-0.31506877913718845,3.2707231085806647,1
-0.1386647532770624,4.2748872148636075,1
1.7425363414664439,2.532906305409815,0
5.064060559040754,3.8288388481905113,0
-4.193641345054168,-1.1284513455243026,1
1.9179120125578377,5.300531817739414,1
6.398250453763537,3.540272119502378,0
5.731124708666119,4.795340056607988,0
4.846354149760911,5.190582779953784,0
3.0813514610244,3.35516402776882,0
-2.788019051905721,-1.0111655561043609,1
6.1164625209628385,4.13696215516042,0
-1.5317972292857844,3.476478353922415,1
6.176328437337085,5.055824744534511,0
4.868014262616923,4.86545314475637,0
3.728696297563141,3.347479437877031,0
-1.0845514709825324,0.6094307966590544,1
5.452167184071134,4.940375962027837,0
-2.1565448038881305,-1.2756946793145043,1
5.3331599597717165,2.501513005178841,0
2.1297229849298693,6.233702055065692,1
1.7702138189367487,1.7593271295824549,0
7.261642613643421,3.8729116521945026,0
-2.1780767992253085,-0.6764291819478854,1
-4.210150733536527,-1.3075601615689663,1
0.2209805127474458,4.406414907696524,1
-2.06528812825787,-0.1344622406963758,1
3.7350664442594534,5.6979775395773995,0
-2.0482134005733634,2.934896190258964,1
-3.6369962245965795,0.5879318062417883,1
8.664263114711174,8.272996572771694,0
1.7653324645872086,4.759925526083196,0
6.534544160276466,5.062885435926761,0
-0.4762132831164998,-0.1293927751256636,1
-2.1847354957756204,1.8289931998642548,1
-4.412811215277279,-0.8553889488755955,1
7.806176789121691,7.2134431465412945,0
5.598047694296309,4.279677951536187,0
-6.149367353130348,-3.7362335652704646,1
-2.8542055194318987,-0.4267253331293621,1
-3.54476939087337,-0.6987320972011819,1
8.62760633171709,3.907935518625833,0
1.1164411277548636,2.87410759038457,1
5.970032339703682,7.8474433044221445,0
8.588356981172264,4.867840248593612,0
8.011523350401786,5.75478113416283,0
3.849733141824528,1.734190449845681,0
8.470119681652612,2.340630998011479,0
7.498848660260886,3.3537921602560044,0
-4.207027768359676,-1.277596106011857,1
-1.1308724799182504,1.4401686426298728,1
-3.69025304297282,2.622828132718422,1
1.696972559768986,-0.11585747300024529,0
3.4828736012648536,0.7785559893336655,0
4.626318693434929,4.511227903374352,0
-0.2651631918186781,2.1533143678286266,1
-1.5132058297291262,2.183578022425312,1
4.17431401977165,3.1731878255257326,0
4.541254737818659,4.437902869764978,0
-0.6847201960911975,-0.07949744626103095,1
4.786574261469103,2.3772277357293383,0
2.1503030658443656,4.529057118260745,1
-3.06459048529711,0.2747773056765852,1
-2.1244578045115614,0.5555343046008882,1
-3.9897471364577384,-0.4346486349886709,1
4.565278160973019,3.382198122136603,0
2.572977421637326,1.344557638081652,0
-1.988765554742881,1.590215793326185,1
-4.6994444711992625,-3.055065396363781,1
-1.391127778550512,0.8979607216954013,1
3.9972363577553818,5.574124856391887,0
5.8005345836951605,4.825522821150536,0
3.113034538265545,3.438366479036512,0
-0.16559020341836628,3.5178270467515653,1
4.199163545570422,4.487041132124138,0
-0.9028222757851461,0.7844846525470772,1
-1.864811229096455,0.6507975688857288,1
-0.6087163811841152,0.6209658317896695,1
4.564788622403623,5.570304273012831,0
-1.4694855618083162,2.488948187945968,1
4.837345014884126,4.542785340936812,0
-5.349605199865903,-1.5966170103369866,1
7.148489794861631,4.0341800465850834,0
5.446232907944327,0.4512995221646081,0
2.377382153309896,4.481142393554872,0
-5.614658885089228,-1.3300857994375361,1
-1.3338235133926877,0.4361957502956104,1
5.198983934433221,2.6786037571954098,0
-1.2294942168701284,0.2071735333159328,1
6.823412540817863,4.9926980204584925,0
-2.6739552519367193,0.7190158315854235,1
-1.939605336310266,2.2006867115571893,1
-1.5165050445346901,0.7176029684270688,1
-6.179469991935904,-2.0143836834850326,1
6.845838152911595,5.626383249523014,0
-3.03947905593511,0.8060453303444357,1
7.52241068099522,3.2122199946248537,0
-0.33570704964417075,3.288723123888867,1
-4.36069439695002,-0.8774103146654375,1
-3.913056864042768,-0.4691126818500433,1
0.26126978452296257,0.4622422483490054,1
-7.0400875579177375,-6.306854651067235,1
-2.3827803179299445,3.1694738107440346,1
5.153894179910762,2.914562311653535,0
6.287834965587371,2.9030443047025045,0
5.927912556450512,3.772124340295201,0
0.3531688283004044,3.1674657763240734,1
-1.2817362078890349,2.180804531775327,1
4.612260165660059,6.514617863702187,0
-0.456233409397532,2.6977276487099737,0
0.04094636832131204,2.5195157442962675,1
5.585655569807351,4.166837915728135,0
0.10746118091799373,3.244495967692132,1
0.1963684887356374,6.443614920607348,1
-3.8850147408948756,-0.41759764566766266,1
4.859237952448216,3.1154087898056355,0
0.9607957010854022,3.8236463406120325,1
-0.21560474931545182,1.5211197052065342,1
5.879902564878499,5.3424666103652285,0
8.211036612181523,7.744508948134806,0
4.315938642648562,4.215979989492226,0
3.7185449122198677,4.6438600571935496,0
4.7442878928771535,3.902265325557173,0
-0.847040114809543,1.9337139150512608,1
-3.205225544289703,1.2139515225306141,1
-5.253635651960751,-2.0162492893422197,1
-4.130056649124071,-1.8462049333606005,1
-2.2030423210899395,1.1585246264133229,1
5.445835446572356,2.646445873596848,0
-3.5265881727335833,-1.8313295193806542,1
-2.7342926352725794,-0.3554132438007236,1
8.053491296430241,5.200425074115941,0
4.340670783896853,3.6551364707692393,0
0.8078123286257468,3.857603767157436,1
2.338011415827145,5.221146668269311,1
-2.246528358450475,-1.835255593721329,1
-3.0214677808350103,0.17737294703168338,1
1.2379009940247943,3.484990560235821,1
4.995149628850161,4.152347041080236,0
3.9705144876069722,4.8919831027959,0
-0.21524764657655093,3.6342022030641963,1
2.779534350231211,6.662248658716298,1
2.4801613642915683,-0.43869414199216816,0
5.745466797386102,7.395378156149364,0
-0.07665079549320519,2.700771465386822,1
-0.9003125775046308,3.003601170308954,1
-0.05150709594354885,2.1328500966449613,1
-1.4894658582438756,0.5630998220719073,1
7.101225270395904,6.763305580388296,0
-3.035644268225149,-0.5169087418369309,1
5.457934747640619,3.843768310971465,0
2.5084009617498166,5.179618010559483,1
7.022274206947429,7.393772277496754,0
-1.6493542920270219,0.3789558585110008,1
5.30720696590535,4.677858264736114,0
3.443971940560994,3.483293087253999,0
-1.8283307692369855,0.5963868608680787,1
-3.2578668314547428,2.1840930258989473,1
1.7857338229362298,3.4411060874716126,0
-1.433792123239476,1.528187655782688,1
-2.7470596700640093,0.25966145845849153,1
4.575140834697575,3.6188451257444614,0
4.068829712906894,2.174514398247001,0
-0.40314199502695836,4.092798972539632,1
-3.038554693593462,0.003423551212523579,1
-0.6984677906511354,2.5683911889685973,1
3.743227747564953,4.277862228487407,0
5.696454213195399,7.581063795567888,0
0.7358929248591748,2.4700221124231607,1
-0.048048030752150694,4.963509103117931,1
-0.13892450481593954,3.0216399359477335,1
-0.17462116046863807,3.5990436031438673,1
3.4374655892348125,7.690135623960626,1
-2.691828619838853,1.7273235294199558,1
-0.40769441967881326,1.203765850893361,1
8.881879618587535,7.55654777749772,0
-1.8187140227448426,2.9949329972575276,1
-0.2077393295349601,4.034265398356266,1
7.179588979681064,4.461176942529924,0
8.74017467607099,7.812294529666581,0
2.134768960274149,-0.5080043981746236,0
3.64827676890517,2.763096911781485,0
-1.8176511108734046,2.661821644404556,1
2.2001451221647725,2.470887407887327,0
-0.13421575204510527,1.9539710677169186,1
-2.9734519114058866,-0.7052999545358358,1
5.31206732327002,4.230542270999153,0
0.48322637497743504,0.4936855075658557,1
3.2236474737599528,1.5760640651867508,0
3.7583902699967267,5.012872683932792,0
6.090136216427904,5.044765665776611,0
-3.5010741219670227,-0.8301201283856903,1
6.74392148632228,5.291012317234003,0
5.685568010901647,5.31320605111589,0
3.6671017765834657,5.84365399088199,0
5.728135210514758,1.6667046960013447,0
0.38052950954411946,4.160504358912393,1
6.126004083382081,2.2163591128665026,0
7.233425669400281,7.139463182024624,0
0.7607706243210584,5.022471259788549,1
-0.08227236849600317,3.2431858919404766,1
-3.947848240441184,-2.224445103352074,1
3.495735463755024,6.95519914657412,0
-6.103109092450532,-3.489383816054195,1
-1.3891221473011421,3.3163941900457172,1
-1.9145465495838339,3.452451962699829,1
-3.622359555866202,-1.775126727374209,1
-0.808682353945066,0.14834023062579382,1
-0.5713543833196302,2.4020586292558685,1
-4.427811680957859,0.6680763419447668,1
3.6634370220957697,3.302237549678227,0
6.604775803819454,6.1826091381568675,0
3.6497988148144374,3.4408170275394534,0
-2.658732223763728,0.18813993943124074,1
-2.5193632650229065,1.1139619540753707,1
-3.7905241486254493,-1.8703193772515831,1
2.916474958447644,2.38223099872198,0
-4.58656479684608,-2.698796906580185,1
4.50203303794862,4.5284326601029825,0
7.013660268321994,3.5624487407874983,0
-4.0246714747011705,-1.0869700274165144,1
-2.0794810622108963,-1.3793094038227776,1
2.1322563631035845,3.447271879145852,0
-2.8707565250741953,2.552729084859302,1
5.271864035102569,0.8172231887178709,0
-4.605253568585363,-4.701996844378151,1
7.32061915275947,6.274151731058737,0
1.2204874182281427,1.1528427426227639,0
3.0524713050975545,4.6937946161538875,0
-1.2372375510259772,1.5164516715373626,0
5.786903039761187,5.757090776755412,0
-3.441866263569743,-1.7974321258000132,1
3.7052577602952317,7.133562991879054,0
6.263452808767104,8.215350904874121,0
7.561181656476512,4.26751749214163,0
3.948234411676843,3.7831783291608723,0
0.38395125663670227,2.4288450458333033,1
6.037519263014075,3.357206309089019,0
-1.3572216573366234,-0.6546505076470464,0
1.4321541924024226,5.272053125341998,1
7.576210245116742,6.440249733147933,0
0.052277206068507276,2.877416169706496,1
3.9920550263128503,3.8419868211851487,0
-1.3125364948722276,-0.982889027560663,1
-1.2416536150266784,1.7150771116075336,1
0.5186555785582696,-0.9089535376227129,0
4.131881090791287,4.304325753509843,0
2.3224085308374547,4.166621230684568,0
4.959422828426423,4.539503621393493,0
7.756764516237186,4.036277641052838,0
7.001181141655657,6.7868360781754955,0
7.469990762202672,9.650895358034717,0
3.214874614008319,0.007393218444303962,0
4.2169190447163585,3.223136145087632,0
-0.11298979828587319,3.869286732986262,1
3.2757814492687176,1.6278118982758571,0
-6.792925638723084,-5.816407934249928,1
-2.020306811182662,0.8494444254404011,1
3.3532716066977803,1.3106257694232104,0
2.4690736827906976,0.504608725384855,0
5.233724270544454,4.586749113289348,0
-1.6931033837560951,3.768665428067498,1
4.038567948019871,5.294605662718476,0
3.001517244635931,2.771419176847657,0
8.288229759350964,5.293736104148001,0
7.08123254495284,5.9054790601216,0
2.521576107925413,2.399749465784565,0
2.8744007679491608,1.4010831186453596,0
-3.2277232941997105,-1.048253619116939,1
-1.837191889022097,2.6122945559591226,1
-0.4818228763468695,3.1950115739393254,1
0.7332483009769719,2.3314280417100988,1
-1.4563664294916736,0.17797353696341145,1
5.831967491297697,3.3733936185503746,0
0.9430574670117009,4.796103109201663,1
6.642886543242964,5.347829182762259,0
-2.710290282693322,1.1608904847739494,1
-2.001478553330501,-0.9835146379279189,1
4.889243044115335,6.031852121974566,0
-1.8999908018368277,1.1419826022754282,1
-2.9079488619071157,-1.8574589047910015,1
4.329293407829299,4.151637243861225,0
5.602771991849201,0.09921741061110811,0
-2.9981155167860765,3.404146702715965,1
-2.38604665121529,0.03172670045294024,1
-1.3103657090601262,-0.5104867053431381,1
-4.267783180197394,-2.119887017855678,1
-4.176942813124119,-0.30405636415193094,1
4.374542695103629,3.169749281881436,0
-5.617214007114458,-1.4699079932558572,1
5.919801755776433,5.78040447369154,0
-1.4661029235903116,2.407349721226777,1
-0.27404237279682553,2.8199994354359808,1
-0.3371035222328822,4.308123319449209,1
4.717420349706369,2.6505156553769207,0
5.524885840198178,2.5090999409510886,0
1.807191235549229,4.616538157145014,1
-1.8519033783420071,-0.15227090193957427,1
3.521982734469983,3.005271777823485,0
8.143206664724802,4.25860839360598,0
6.877994128553029,4.756485800377538,0
2.077200981757365,3.4526511682812377,0
4.806224088267232,6.569639275022826,0
6.0820523368612145,3.9099490569100976,0
4.326789687690489,1.209717523733671,0
-0.6581808838719387,2.2764304762577527,1
2.614919650713559,0.5529666416021293,0
7.083632200939977,8.031270344374597,0
-2.8549416881252743,-1.0220733800885524,1
5.088590609184747,1.7667666964112692,0
-3.5783998960279586,-0.08104494989774524,1
-1.203796009991723,2.868430165927381,1
9.307229051320821,4.231772035851386,0
-0.8832706455310837,3.832379991349836,1
3.4971770028041558,-0.8063412935543788,0
5.201571455085911,6.788591392004651,0
5.364943970147943,3.2220455317544685,0
-3.5830554412273963,-2.403584116324136,1
-2.065181242868051,1.1932477031921995,1
0.7719489439890967,2.0440463110999527,0
4.205671320046832,3.6828729019037194,0
-3.811134248834679,-1.8526755142093778,1
4.7400029795974445,1.0872175441183165,0
2.9926649273931165,0.018950770536641404,0
-1.8234366650670681,-0.2328239704427908,1
2.9232875506477565,2.6523376266333605,0
4.321973288660201,4.725300584839335,0
-0.5909926382133033,4.130233637178305,1
5.280688566800821,5.0345841381915655,0
3.5346645591621373,4.798769135990494,0
-0.3577177317859528,-0.004503997702312912,1
3.7661645261066568,5.473336305245452,0
0.7635228226122317,4.0786845061699655,1
5.912953217380885,1.4237812434324995,0
-1.8694997059207965,1.1183959905907566,1
0.9913320070097096,5.6658588244598045,1
-2.996292425391706,3.2047218767955568,1
-5.469404564955665,-3.3230026396168357,1
-1.6714447524314182,2.1244492592676467,1
-1.981675938070269,0.9443893576132791,1
-4.1633631734192855,-0.21502461368380965,1
2.922394890230529,4.724767440298321,0
-0.23328174211442998,3.6634099550632557,1
2.5958790848748006,4.021646468321112,0
5.288255324763888,1.6114905021162,0
6.001120550471601,3.6392614616637187,0
1.2310572713916956,4.616418773407771,1
-1.542990535940174,3.853848227143,1
2.701421926627238,3.180247271229133,0
3.9533519259875716,3.0464668726432933,0
-3.3830773349760763,-1.839992015797708,1
6.580973037323068,3.43670699446935,0
1.4078574488003075,0.6725504616056526,0
6.078319580052574,5.682261065091116,0
6.642504470353623,6.041774506176653,0
4.224886315452189,7.0707787035853435,0
6.606683982131252,2.8568923653912885,0
-3.6357675043113398,-0.314830329904078,1
5.665015625417105,1.2036724144026696,0
-6.107185106267654,-4.186906757397196,1
5.684443453041935,5.180338574745686,0
7.027209272989101,3.992760590785819,0
-2.6931546449061954,0.41953274934523277,1
5.188225581127368,4.126560552958999,0
4.974980136599289,0.9802337964102157,0
4.686392129059588,6.641179397399657,0
6.327577881665505,6.276972058591909,0
-3.412917598764754,-0.7378328252015969,1
-0.37627229484779545,0.6227129460652963,1
5.5821630892010115,3.1873154426004575,0
-2.1898989295034057,0.8976445713271737,1
8.061795480459944,7.496341796917192,0
4.703095764497437,6.159937389057739,0
3.280180989861569,3.467290379672702,0
5.3814896956355955,5.351811920727071,0
-1.9723414404151118,1.216535044454116,1
-4.65298127520569,-2.625108629551384,1
-0.3099131684746581,2.611056033091395,0
8.946862937596826,8.05557010837759,0
-2.5245942943753485,-1.3973069795473658,1
6.308505024937189,5.531205883733411,0
4.395757137309978,6.271311017142903,0
4.20225561678154,6.125144201265944,0
-0.7055356008960929,1.7931635362169511,1
-6.151174240592227,-5.081489666378048,1
1.5404236368655306,1.4184099543421276,0
2.153492149945695,0.48161369986539926,0
-2.6793521323673755,1.232911685488304,1
4.86285592809373,6.6039379053219935,0
-3.330472485389824,0.16173887790773,1
3.5305547711665115,3.84633079203287,0
-2.844787566265195,-0.2882943161715612,1
0.7492762304256875,5.593308364756413,1
0.8547487783153906,6.312941084148148,1
4.4906208735142465,5.589300094601061,0
8.142938138727969,5.553739228477859,0
4.3236625052246325,3.864348983788084,0
5.168405562723939,4.008946435010322,0
3.5247257451572978,5.470632889536446,0
2.6538267340190593,5.807492258846277,1
-1.9970553046549193,0.4949226746222182,1
-2.1233213459724114,1.3762817896340143,1
-0.5439135497747136,1.494865288689228,1
-3.5681293004851264,-0.39974825188935936,1
7.044997661366361,7.051094998120091,0
-4.5799827087921745,-2.3941458586884474,1
4.94903167357754,5.542119734617534,0
-5.260325524015683,-2.6588482849800936,1
4.472415085248729,4.95647289120771,0
7.394847171139306,5.451797556239408,0
0.04503919966332681,4.256302653506282,1
-0.7621693562280636,1.3987236079432956,1
4.835560199857382,3.9106066645365796,0
2.0558166906295923,0.8692193913226083,0
5.276370934412679,5.022475571281035,0
-0.8539788589719972,1.781423561154516,1
3.334819075536116,0.19963153744634354,0
-3.9082412310714565,-4.287972732953781,1
7.074621493500947,3.829084628958958,0
2.98107531502839,5.203307612027631,0
6.06167602590297,2.8250643914898825,0
0.7147272604306396,2.3428881162873747,1
-2.0419595488839035,-2.78840018628451,1
2.1049421005359163,1.424925327682792,0
6.010565602132349,4.24708981413569,0
-0.40679568084324247,5.214304793651387,1
-3.9098295766383035,0.7990658307023008,1
5.153197173998683,3.0425427363606508,0
-2.9791909750647037,0.04198283441258299,1
-3.1727246706437375,-0.055385504036724154,1
-6.116223727718456,-3.7518765713941242,1
-1.5462093285277976,1.2143327602627216,1
-3.0946464401359015,-3.18622769170943,1
-1.3350753573519123,5.207549674900819,1
7.548255846776657,5.5116961620441085,0
6.124207416793462,3.937767047052744,0
10.33045494730698,7.017759626776316,0
-0.18319246664310107,2.5432485126381037,1
-3.726847920963911,-1.0691364577511377,1
-1.7941991683855938,2.3033111892916343,1
-1.8512381365604882,3.054485249143989,1
1.1059051190223914,5.4298240203571835,1
5.490457119634996,6.033523639158835,0
6.538095483118237,4.97689458944211,0
9.982612949469525,7.055336060731916,0
-1.0180146198431896,1.2879116542248958,1
9.009949754097175,6.923608091984949,0
3.909765753510313,3.085691546172317,0
8.73077523738057,6.422848970106727,0
-3.7470724992867934,-1.0197066916588655,1
0.3205205766212704,6.1398880820125346,1
-1.0594431624526168,3.067244443628679,1
-4.94406206554075,-1.2403897386420617,1
-7.807296245326911,-4.8857326519703435,1
3.0753370224171186,6.261673640278308,0
1.9828389755062341,2.0416657897576775,0
5.279430484899392,3.6809010771288797,0
0.6685637374983093,4.7873225365049725,1
7.316335495850245,7.280469166901296,0
-5.974229395111869,-4.7258923780959,1
-0.6737877397739027,2.839813647921626,1
-3.9890386864506033,1.091182922263458,1
4.764265349108783,3.730189570433857,0
-6.2568133264657995,-4.327082569810081,1
-0.8565898113743509,5.063286957470191,1
-1.781168454421072,1.408711288972823,1
0.955607679513963,2.8447196255072704,1
-1.2990753040419416,0.6746331484487147,1
7.881388897884749,8.419861313959005,0
-1.5091688089675928,2.2209704175769645,1
-0.013314307591012042,3.550009886050295,1
6.327837872842766,5.682630102116646,0
-5.5348774518616946,-0.6082551058948951,1
6.442345784141032,3.215569700297335,0
-0.014714292977743293,3.2729329026597798,1
-2.3241401666010897,0.7945362203937687,1
-4.319805835623718,0.8162183821333453,1
6.159779898941002,2.7266596001787473,0
6.0940191007700575,4.3897519997935985,0
0.7567008592809921,4.209835725533154,1
4.461343905937748,4.289124476683135,0
7.970138745801075,5.039436356183549,0
-0.5402414279327548,3.0581642180030304,1
7.568043914689347,4.792652603260228,0
-4.900049243181406,-3.555034235171532,1
-4.025416242379876,-2.6555063524678717,1
5.936931548819471,4.1176336920834675,0
4.478319669361596,8.098008513541753,0
4.530797662847512,2.154053098385993,0
4.371847593582036,5.117960793767523,0
4.9799987940908235,5.809246902064517,0
0.3527595104532515,6.146916119015428,1
7.4340653282564935,4.209242384289658,0
4.67087453451549,0.4868485300325798,0
-0.8107194608502255,5.404060298761147,1
2.0716053320623096,3.5555253256899313,0
3.4716632798519904,3.5206780304241625,0
-0.26687999400917595,3.2216468865026,1
-2.679413083679886,-1.0014083386303367,1
1.6943178835074502,2.856949979092217,1
3.39767823624783,1.6751373862409387,0
2.674130661025316,2.1996291113195934,0
-5.282246813430891,-2.080218980530407,1
4.658396641807072,5.922865786165567,0
2.6860921430771154,2.452846369442056,0
-0.5448088673454494,1.4880713338333567,0
4.4214283735277835,3.3955508373206067,0
0.022508563519436642,4.466381681314653,1
-5.067948817165474,-2.896953645794091,1
5.666225752679489,2.387367750496341,0
1.9736459278684695,0.6253004602585537,0
-4.7783091099886015,-2.999634848214289,1
6.356395146769577,1.8064710274853213,0
-5.9876778423049055,-3.3894469068561426,1
1.22450355055452,3.3243232884314615,1
3.8679422861766444,4.130518737853725,0
-3.73436416775803,-0.6984925684150565,1
3.1205975285443697,3.6115953415943345,0
-3.4073491469349717,-0.21396404814355097,1
3.7143392186986555,3.762714904324197,0
3.6616692879729857,4.556968507669585,0
4.5648348494865845,2.7963430237254445,0
9.125230717825216,3.813184632725254,0
4.4557978508694,4.239819725600913,0
4.214230170306166,2.4645472445109466,0
3.9531657318181828,1.9750107955803355,0
-1.4385265731572419,1.9069730957021516,1
1.1297815966841451,7.296239333314056,1
-2.6267530852289083,0.05468059353302279,1
7.925483429735165,5.86172844184965,0
5.094816518797755,3.4623313341105906,0
-4.866645745127238,-2.592821425679486,1
-5.29750098654063,0.2694686963677573,1
3.874175401054084,4.053269173125288,0
1.2726849868990548,0.6166056517731744,0
2.699046092035455,3.2546299628933513,0
7.070580846273806,3.1168652125823435,0
-2.200091180684524,1.796965661190428,1
4.910027527169586,6.362613438467485,0
3.9815583988896392,1.2902363333549447,0
4.225792192641781,2.607099113201304,0
5.217122157127874,3.4004558314745355,0
5.268758958868406,3.9279437965399975,0
5.714982039342647,4.418837230247139,0
-2.9864780423647677,-0.6304778800399267,1
-3.875208450208221,-1.408571857710855,1
-2.143289605903689,3.0030606709564984,1
5.467438705300928,5.747866023958446,0
-3.1886923953919086,-0.26970676822234685,1
-3.381272622027237,0.1443810323674336,1
-3.1346924616671705,1.579605142012166,1
6.601418656375052,2.475649965695353,0
1.654927588282308,5.5132337573657715,1
9.215128243528559,3.3895675816695796,0
5.714470732804056,4.385168677716153,0
0.9512278682463808,6.473940941561727,1
5.256020229991396,6.194015970543113,0
4.079300715181626,2.7973249202927883,0
-2.5023846083686085,-1.696449663487476,1
3.1222405753304567,2.258213827432634,0
-4.623959136455903,-2.796894400688523,1
-1.5040501835330604,1.0012793820233088,1
4.71963775554615,4.040018942180301,0
0.4294106492748164,2.7810930134084377,1
-0.3807042269109615,1.14512647672063,1
-1.4963149739337944,0.27489282797193604,1
4.122108986740748,2.677663592543201,0
3.75650814532297,2.8916662843007526,0
5.6095436063853645,4.4025670702534425,0
6.9899407854764135,2.8043522660333586,0
2.504922246860768,3.8559353998783266,0
-4.911902730075478,-1.411889843227609,1
5.688053355172559,5.58019775813672,0
1.2025480317952297,4.859131535965231,1
-1.7847099030596651,1.683639195537375,1
-3.4372632421441525,-0.987041790182795,1
-0.802128986116813,0.7750025157549172,1
-2.68760066863382,-0.11469441041262685,1
-2.731141811729467,-2.2293456171047317,1
5.137307340258737,7.059665073699394,0
2.347712173121465,4.221788830096032,1
-1.1082295938472568,3.1956329569900177,1
-6.102334584051255,-0.45142365818496977,1
-0.47969036202083326,5.491913117234431,1
-0.018468539911875803,3.383889622380178,1
-2.3868140502171906,1.4845427173725458,1
-1.2277109361269036,0.029717637640203298,1
9.327537972514243,6.178005944878815,0
8.094352516001585,4.8552807654605346,0
3.325224196998103,5.8610840241578686,0
6.4535871839694945,4.175831487482811,0
1.2882872630263331,2.725491855031416,1
7.354852251035786,5.9467150821580885,0
1.1346068525796928,5.407591845028084,1
4.009820575037106,3.4852917797016616,0
4.418726208549267,6.658866826821369,0
5.561518404403385,5.643781626012448,0
8.717699883296127,1.806462234605989,0
6.856541683775994,2.737775213164776,0
5.049542529089589,2.330957603323112,0
3.924718144051314,3.3152442070108594,0
0.31419178744198195,6.304631018371442,1
7.553297676533723,3.9196372544172404,0
9.369661441398865,5.4754364965526925,0
-1.8148405100425578,-0.6328018755704015,1
5.4311141318483775,3.4627752651812207,0
6.786201544021363,5.383992234983703,0
-2.7543891611229046,-1.0714222615374935,1
4.2992933197364716,1.0154168674516635,0
1.887380087069058,4.328919749401025,0
0.18875119238045768,2.2575573429955815,1
-0.905595128317483,5.152389708572219,1
8.117755919340327,9.003287521790877,0
-3.8443986686527145,-1.423039439729577,1
-1.03166202010978,2.7854586055889037,1
-5.673141898488055,-2.8249129694091897,1
5.3886644372324835,5.473853363816403,0
7.394041340207616,5.4766907703289505,0
0.7056202879466493,1.3540195275383744,0
-3.4514852219268333,-1.756500748543956,1
6.401669884030348,6.311717324725388,0
-3.4438313815702983,0.8162808694822412,1
7.113313616336217,4.354294359018333,0
-1.9713732455621458,1.677949279964919,1
-1.4085855790520023,1.9759422980140462,1
-2.6333028827781453,-1.743202632779354,1
6.593474023684106,5.952025293596738,0
-1.6168256132878356,0.9869769794934135,1
2.7216160725162153,4.793128056508198,0
3.211686508483983,2.7518773768785563,0
4.788126883622032,4.456717140617461,0
-2.6752726676803746,0.9159414347198928,1
6.6301476386862,3.585587075391541,0
-2.785815390629429,0.2945338851623499,1
-4.527766227790274,-1.1976235031348832,1
6.753223315235327,6.57364734659443,0
-0.008879702944532442,2.976330107462276,1
5.145238053288061,4.630231635830504,0
6.5842825430797935,6.558227504650957,0
5.296270352050595,4.979381453931614,0
9.748554153292638,6.155609497143115,0
6.822510814489318,5.411635698754059,0
6.023950633309153,5.04096188675546,0
3.6188515194454824,4.295104655234245,0
-1.6769503543698923,2.698516033518726,1
-4.626767638166785,-4.142266889270316,1
7.110182609503832,4.465682574923193,0
1.8890228180188045,1.6607159231318054,0
6.418973290690945,4.53294898420801,0
6.030672922970442,3.57151853469915,0
3.1705555034060287,4.195987139045686,0
7.396857331958593,4.946405202887086,0
-3.5945651388941924,1.2747652404886063,1
-0.37705290045471784,1.6049754764309525,1
4.188807946857944,3.312640914217862,0
-1.8728904603388714,1.864585633234476,1
4.675713168100973,3.4984852775946385,0
1.74494176082431,2.020009382619702,0
8.507695755270005,6.836481019032712,0
5.668768728657577,4.7459309746194105,0
-0.6207826474635216,3.2417543559699618,1
6.539390164483762,4.482537902252711,0
-4.587776431707613,-3.0975007924775015,1
7.812186386554887,5.022732348643235,0
-3.092843135030414,-3.26946063739285,1
5.493205806007273,4.167607812742059,0
-2.04268206981401,3.3690377643520377,1
8.599720645176081,7.502283841315846,0
6.059618988076191,4.966444447397513,0
2.99661951296646,2.3107166478571486,0
-2.1040161399238313,0.7725334295165911,1
-3.242905663056667,-0.6475731361660564,1
4.878373651233755,3.3609618478622947,0
-3.3145864632428226,-2.15783211184454,1
-1.8722752591601037,2.2579591641258236,1
-3.4920393344624214,-2.217566552566929,1
4.6563119402308715,5.814070018290348,0
1.7832079919851211,1.7605450409197352,0
6.496956665763284,6.290939274760964,0
4.80482953048412,2.9906730577834706,0
-1.297000460966797,2.113550284645334,1
7.074503362777433,7.349445168079677,0
0.32085304039611584,0.6515704465058095,1
6.916956690017029,4.6086638098814365,0
-2.6124782681349,-1.2806220875057424,1
5.1661758845678865,2.701605121763735,0
9.94324835409953,5.953126693645123,0
-1.2670513360079037,2.0436485044055166,1
-3.608750374768882,-2.4531448305082653,1
5.7187933137049916,8.020649178167492,0
6.0663613356719885,4.141657750342854,0
-3.6786563370607426,-0.8626284409061888,1
-1.913033979831963,0.7168790473158223,1
7.033214279711494,4.308578360760408,0
8.139218381125215,3.8682918842094987,0
-2.46723593511661,-0.005481542270133755,1
-4.362948300144435,-1.4837957552843632,1
5.512198642171803,2.432230429690812,0
-2.4605932079208,-0.1786609243322459,1
-2.5807509283361085,1.0792469529634894,1
-1.954216004225557,0.9221100944653409,1
-2.4436239659912644,-0.772768462042408,1
4.4506212756177055,1.644766919443653,0
0.17447949521232742,2.5524287686458154,1
6.8849785220574375,6.590232929891783,0
0.6332230839075845,4.414131689924712,1
-2.802872779518311,1.0848993799869218,1
4.611969143990401,5.2918143542559966,0
3.073614882939351,6.317352853107053,1
-2.699397680533811,0.12546602730934275,1
-2.2762222580143643,1.4059108177926944,1
-0.45531264023492035,2.8983394079179305,1
5.335477644242757,4.769940033863806,0
-4.144435123883025,-3.0850365121984256,1
-4.499102783398866,-1.9510157545062454,1
-4.143561589577928,-2.196041759867641,1
6.855127957008275,5.186881075606651,0
3.859588005956672,3.214110739854383,0
0.5434896485108096,5.58956007299142,1
4.456736382956653,2.685476419910331,0
3.196673832954294,2.910415951253313,0
2.6868976708897283,5.492712595438063,0
-0.7967629064014201,-1.4508524318560756,1
3.4830047236181434,1.820028379423634,0
5.2838751093098555,4.5890001335147925,0
-3.2409052796410487,0.0539907466716949,1
1.3701773836348057,1.402772527837707,0
-2.4338213037106167,1.97513617603754,1
-3.100557435882108,0.03688439706447488,1
-4.077504799886816,-0.7699409545043325,1
-3.355216204475287,1.1456957401288927,1
-2.182124619927509,2.325409758574455,1
-3.171355559123411,0.005303901063654859,1
3.528405357197869,2.4285535352253627,0
5.7062053067067735,1.634921166854535,0
0.143294559599223,1.1342751254898586,0
8.000982538583044,6.4063358131877735,0
6.966206579015376,5.677637821974866,0
6.198060620741156,2.5927563870722277,0
2.916666839030257,3.7819445250124963,0
5.004682138715525,5.327438518498941,0
-4.458490361392583,0.0714411210787943,1
-0.16510186050649467,2.3656903204900703,1
6.417635550606789,3.6836250379599367,0
-3.573282527110595,-0.21714826974090817,1
-2.4705980476431537,1.3012592219968377,1
-7.7185427660566805,-5.499504484422756,1
5.041680177958751,6.092376246474261,0
5.083978030662805,5.351798786130289,0
3.9708207765364456,6.3825261376255735,0
0.8117656124008876,3.0350795249835274,1
7.559580036636882,6.1804690135583265,0
6.019048395936915,5.93846030596689,0
4.580695013659472,6.451295326950351,0
-2.048354850842187,-0.05666343251993178,1
6.378727287666064,9.103362410455825,0
-2.7803963047905884,0.08542546824318475,1
0.9356587583001774,5.107504524166757,1
-3.6084302462250744,0.4609915743724947,1
-2.7663201952506937,0.5098200258124265,1
3.897628431946509,4.759304884647568,0
2.4269494808586165,5.14593909610524,0
-3.217284861181371,-1.964216845919434,1
6.580816733628534,3.1490348854202734,0
5.734211163163882,7.942669372533909,0
6.8531361754525575,6.177255293578307,0
3.6853218730446784,4.935409716460728,0
-0.4053487360267134,1.1431391516621465,1
7.112876972822733,6.302530692283484,0
-4.623667978503844,-0.5025055749149288,1
-1.5451530217675027,0.7810506577927867,1
-3.259151715972848,0.05095545742466445,1
-2.885062406214841,2.007207968941974,1
-1.3088918021606009,3.363444068724089,1
-4.892240435837429,-1.5801732147254084,1
-1.6155673253615281,0.8049920930926429,1
-1.97415287375359,1.8801728495734047,1
-3.007681812863451,0.47612103930175476,1
5.709803160899862,4.853838444733967,0
7.049749111082349,3.6798615782482997,0
-2.8504093088355114,-1.5216801570922964,1
3.27252994118117,4.428216652671534,0
-6.665868404907279,-4.361313313362678,1
4.766360624977681,2.712929841085264,0
-6.716273598546625,-5.0964155537211315,1
5.404560736978449,3.3455753188508446,0
4.3790320990927425,4.082544915891149,0
-4.307962387421736,-2.082985388687553,1
4.683530536460209,5.0405784392602655,0
-2.6489897241284917,0.30501216383850116,1
4.036868333636985,5.375944628224753,0
-3.2091949683257877,1.9651057476445253,1
3.3112971540041203,3.0689823609209084,0
-0.9710050935624794,3.1911220666742124,1
7.214311478095119,4.649478810172228,0
3.2073322742797132,4.908582516185026,0
-1.4257510471170756,0.17537107034763255,1
3.4621808669775223,4.493211299943381,0
6.08695865439088,1.5673272389999493,0
-4.56854095223394,-4.180419659950736,1
7.533357585670978,7.436894787552946,0
-5.918461393170974,-2.4679342153122112,1
0.056565827732224516,2.043340071723058,1
-3.4931761878682526,-0.04497438266513254,1
7.915630950376511,1.9542139304074282,0
4.263880992500132,-0.8625955611093534,0
-0.8472788750112603,2.1141024037031286,1
5.58148360004642,4.898562982199848,0
2.650899694419667,3.493201187209251,0
2.5185561272264785,1.9573211299541908,0
-0.26270587625860253,1.612081033405596,1
-1.395906949158931,4.051960907302398,1
6.96043733010586,4.7225442249231335,0
-4.362260549577104,-0.48868669197835835,1
-0.5836509582123524,0.22274832594751026,1
-1.4543899639122992,1.0673853776510793,1
-3.728112470055327,-0.9256560444225288,1
0.45325062530265914,4.055744208752043,1
-0.9677961755569928,1.46140700359969,1
3.9497566508505395,4.597262914602903,0
0.45302319343666486,0.2934003908865388,0
-2.462879258074954,-0.6158791368327456,1
3.9816190471991004,5.971501669667892,0
-0.8962182578935574,1.1215718976431928,1
-2.6288993665982634,-0.7601702364032152,1
-0.23793677234644495,5.734973981247586,1
4.00867185487782,1.4423121314474843,0
2.390179382642914,2.6077023270917934,0
-1.5811281385077756,-0.39325728866957554,1
0.4412889639674695,2.6322969248869343,1
-5.07625859619477,-2.624508108327648,1
-0.2551982910844983,3.255863978275446,1
5.849790983025978,6.197379770361494,0
3.8669429169805962,4.338109101837343,0
4.79661101040819,4.091255671381131,0
-1.0581244174537359,-0.3730912792533836,1
-1.307193226785237,1.6853936369996454,1
6.74717128093131,2.5467595828443557,0
6.60545497406941,4.356248157639052,0
2.184367984599917,4.856819664059956,0
4.046454406827868,1.122272174144614,0
3.2475190560626563,2.328032060063582,0
-2.4091539255582264,0.08921975194749021,1
-1.356249812048283,2.426969577232259,1
-4.585475944799723,-2.395433475359802,1
-0.7421167513071996,1.6233758588939458,1
-4.127653457438149,-0.4721365689780177,1
-1.5435679464889187,2.0996633883497653,1
5.40663675720578,4.877776498485567,0
-1.5624670172127855,-1.7202330886205117,1
-3.774087239263685,1.939139147395277,1
2.7305586153293273,4.405354830214814,0
-1.627135855433123,2.5521939622272205,1
4.855896602340741,3.930352275183895,0
-1.1428539228465158,2.2723881965631634,1
-5.305627125503282,-2.3774084654383847,1
3.5029945727254956,2.6938726497009675,0
6.043035711123794,3.879847842560584,0
-3.0728989510920948,-1.585753781050518,1
-2.2724586516115135,0.38329624281242825,1
-3.5528707533392074,-1.446385242089347,1
-1.3735165353758765,0.899220735933635,1
3.7800267855368066,8.399164725729591,0
0.8907318240193001,4.5548903444281095,1
7.447073285645429,5.460270604880072,0
9.239494870857001,4.70425064497824,0
4.673041749246107,3.5061441827929203,0
5.955140933591803,2.8026505329542672,0
2.9880165363564606,5.117452579696269,0
6.310417350427229,3.239109844775606,0
-4.611486209947768,-1.2828306120795614,1
11.037064097982038,6.629078372761288,0
7.542595626883863,4.041964549037571,0
5.175139740048945,5.802667119981366,0
-4.431823868283249,-1.1637302618000795,1
1.0823276966124622,4.711700308612739,1
-2.958559052708272,-1.6842519693017985,1
0.3933329644219774,1.9179837914515812,1
1.33937036453093,2.3543919065040475,0
3.2597669906237927,4.978142141104666,0
-3.359809891202832,0.18599724167454978,1
4.612050836683705,2.0627471241595794,0
-2.4302740772154885,3.6909856391824105,1
-0.7640318688813506,0.853062851795858,1
7.337410724661255,4.272885383505582,0
6.095377330436376,6.089698818543905,0
-2.2700492520685565,4.026030228221709,1
3.636292413721067,4.571224959571088,0
1.6815705049387484,4.4584953325120145,1
-1.034457239129968,1.8251065075594388,1
5.651613818851107,2.6025559930250948,0
-1.750300120695214,1.6983965644023864,1
2.826761584928228,-1.0875142409108847,0
9.02684214613219,5.523547717919911,0
3.3402379592936167,0.5388535918682633,0
4.659871294937006,2.41553589442849,0
4.875730641399492,5.000276385228478,0
9.945940548308794,3.4465885090476447,0
0.8613173495516513,6.070805852104847,1
-2.5649077305792107,-0.24665389771163748,1
0.9262522905759578,0.10773741808030346,0
8.195700454665221,7.2539203478185605,0
-1.6740186782718114,1.4581342796098316,1
4.604578839918829,6.150344377428156,0
-0.30169561397547673,2.7143163870876945,1
6.964464891608127,6.137475975451052,0
6.765244195937354,5.190477472839002,0
7.1983930993254415,4.409701007170384,0
-4.623178163989429,-0.7742045352817164,1
6.974692138127272,4.371454456590372,0
0.7505848611527428,0.34560700352385254,0
-2.9819928716861828,-0.5160813279533127,1
4.919661468944699,4.491313748149785,0
3.432127576055876,7.181340676108738,0
-0.39727244919354465,3.0517591010488756,1
-4.855227937888613,-2.436884445949898,1
8.69289779653625,7.606630617254436,0
3.550645876364354,2.793001774963278,0
0.22657857487728927,1.0284367884452075,1
1.2599691603116359,2.6834954422074944,1
3.0370257691321125,1.7279668049945078,0
3.723273183332881,3.5058025031993507,0
3.8621213893473216,3.23806856431953,0
-1.517099331863284,2.1097704809087503,1
1.2047575904925258,4.572285955395836,1
-2.005045565644392,0.6559214450971571,1
5.743501930015123,-0.9906079775503631,0
-3.4227086773362476,1.4308529148886668,1
-1.0449612983189824,1.3853888209430216,1
3.021960997006972,4.969183781513163,0
7.080425661868832,1.429682912120259,0
4.4642939700426645,1.1076867238129329,0
7.880225970960154,6.864416940213681,0
-1.884506990352107,-0.1370384754433085,1
3.2856383920602323,2.9749288445323367,0
3.368240497303023,2.9129800078515022,0
-1.522423630496573,-0.8981990904627029,1
2.635514002290094,5.929297962156124,1
2.7401818427384432,2.1457319392431775,0
-3.0208836371521137,-0.16506547777088487,1
-4.0987520980723975,-2.5223197395670813,1
5.389655518305994,1.0149601294792907,0
-1.6395445879973454,1.8277204099561482,1
5.593901453187749,4.217133198658982,0
-2.9066942194666634,-1.301900052688731,1
-2.299654265166281,0.09316075872020879,1
1.270693862087259,1.5012915580025006,1
0.5624134630764854,2.959181266623961,1
3.6881217099861887,2.891973484731503,0
4.579205653316961,4.016582846774987,0
6.8048925341092295,5.7807232325326945,0
-2.4652769204723053,-0.1656225564204845,1
-0.8670279931236908,2.3022061276812824,1
-2.031159900189159,-0.8642068327387835,1
2.9602174983639467,3.210387900860254,0
5.017190238782079,4.185152245410988,0
7.348900255566986,0.48771150386143436,0
3.9971431588987794,1.787141733281317,0
2.239345465063792,2.5284622890317516,0
-1.2969700556700081,2.0722621733851327,1
-1.3567270285039519,0.18620217061265065,1
-2.1942853938389515,0.639645949636398,1
-1.0340238850927943,2.7547123440930137,1
5.907097676755869,2.458159613314869,0
-1.4981766067665636,0.7357590439081572,1
-1.5971100583561502,1.0692734076049275,1
1.2273781686977419,5.362338728353553,1
-1.6717904197849445,-0.15853547271157686,1
-2.619355800735772,1.49022626814299,1
5.477525221466871,5.4019501994881205,0
-3.3968699067833867,-0.3827994953827776,1
3.6335818477497095,4.563922833207041,0
4.279250488726433,5.879339678124349,0
-1.0458053251853816,1.1261211050866198,1
-0.8559529941790298,2.6800390906481377,1
-2.658017316166268,-0.8493857239845788,1
8.48935844432226,8.18081160392542,0
7.419326938211664,5.692805643074053,0
3.9050081922115334,4.208504475017613,0
-2.95977915076944,1.3218640148978826,1
-1.9189510556017781,4.177761464754789,1
-2.011732695144236,0.9349295983026574,1
-2.8128751026128938,2.441245482502731,1
7.773140005624555,4.6899647403820115,0
5.378885558256268,2.4016312593870563,0
-4.244925118991636,-1.6235135098685465,1
-0.11274320681535377,3.1029698097247462,1
4.231516451377634,0.38798915268848777,0
9.015520540207593,7.2866440356786715,0
5.786011866360598,6.110174935524103,0
-3.8108057303509035,1.1969083210236535,1
0.42439984453621493,1.5602926263573493,1
-3.851489462477297,-2.4339348375041183,1
-0.48170498674768836,1.7753487385164806,1
3.092540121246045,1.7864883688336182,0
3.247502477770339,4.659209719546806,0
3.657301576965783,3.7839277239986324,0
-2.6415333781944197,0.5996275648802742,1
-4.852792687328742,-1.9337454072019096,1
1.9658137616443105,-1.2344573458043016,0
7.369595167400243,5.310716312668096,0
5.765377645275486,5.5732856867467095,0
-3.639497602238827,-2.244184482419673,1
0.8885525966900136,2.7872421991626206,0
10.052969151385327,4.558432040703616,0
4.785366635041196,6.080991956508323,0
6.239250999691283,6.848391602860955,0
4.051571919848517,1.927958832797338,0
7.530945204691755,6.637861029926703,0
6.813287317527422,2.9293298462473967,0
5.812892394125018,4.65345597231222,0
-3.626862553870939,-1.8545308906801887,1
-2.8572630095351386,1.1904286410894445,1
5.1982874867244035,3.6941618559176908,0
6.702506484589746,4.571228987879668,0
8.887568969225686,6.281088785322278,0
-3.7644286338715256,-1.5558839326488534,1
0.06225247509012233,1.9899855893724157,1
5.882144385996975,3.1760565308498157,0
-1.0683312922041672,0.6728507154100187,1
-1.8821318265425537,2.5496221154110916,1
2.348301317765341,1.611272951376245,0
-4.342947605715552,0.6547530479851131,1
-2.3017014979267154,1.1666285448318932,1
3.2750273256741784,1.4123484491951572,0
-0.14996371324363644,5.0825462536334785,1
-2.8265881832969857,0.7433860113150319,1
7.008952867911466,2.7788510867418914,0
-4.5992323415155205,0.4273690836266011,1
7.381505754884038,7.45757463474054,0
1.0631241309668042,3.266054556425308,1
-3.044488184434198,0.6607172807922956,1
4.350335848617542,6.075621128224224,0
7.714735898301756,7.370726865729975,0
-6.27697738667576,-5.814618807737714,1
-5.528296808769985,-4.56220810353919,1
2.2047691450199043,3.2651599513253657,0
4.355768459330168,5.954225054902299,0
-1.8987992187667415,1.1995048098102148,1
5.5774976917084285,3.7870094017014857,0
4.6100776784015585,3.6140763912317326,0
-3.1927348560426774,-2.305607849423801,1
-2.169118744526731,-0.7592016710637317,1
-2.4624009381163185,0.3307470775948623,1
3.7470872318549464,4.519875150990851,0
9.307178329940378,3.946445912464001,0
5.492945751741413,6.958749619946806,0
3.1842852609452557,2.262111674748175,0
3.674021621516893,3.906290957521369,0
6.88918972894861,7.287583192338386,0
5.777450567638679,6.078636143288081,0
1.8829064355482084,2.8020874870483548,0
8.3428407405455,5.0762663125385385,0
6.760954039354301,1.919122187563938,0
-1.8852743586284761,1.7367122121759653,1
6.976714303231752,2.8423601220608585,0
-2.074091860762104,1.749058554070637,1
5.776389533219716,5.399295201826595,0
6.006283887919446,5.0282549149744975,0
6.35436500799906,5.80793710021733,0
4.926177264126729,6.550227788566557,0
-2.090644732823641,1.451625232105283,1
-2.0793830818770527,1.1679407576724312,1
-1.2019029462723985,2.909589177456356,1
2.7536963602682247,2.4867591747426845,0
-3.128248554089066,-1.931910557593218,1
-3.118877639669073,-2.1848211507395834,1
5.323193678725502,1.1489970771290192,0
-4.363447450212579,-0.6392235576015772,1
7.010229781296888,6.8978552000630975,0
2.2584999121710085,4.723123122990897,0
7.199152372922007,8.457134574846041,0
5.525570314066469,5.045186027677488,0
-5.005085115381364,-2.7383069584022524,1
1.807795920258521,3.8413812345370166,0
6.79451116161596,7.452753303748065,0
-3.651577543145115,-0.44339813651890325,1
5.150003707348226,4.157596210591144,0
-2.007939745111946,1.2499747870498075,1
2.804120050961411,4.062064636403194,0
4.647496115081042,5.2021712672045295,0
-1.6331631237637205,0.9731235458822896,1
-5.685169538201569,-1.834565134870716,1
-4.5525783942861136,-1.7629619044374238,1
4.868987743425852,2.485120351076632,0
5.355878341072728,3.0748981973618763,0
1.1835761875334398,4.204719446984262,1
3.5035949043942334,5.122696274115287,0
0.3680247679366264,1.3619667456866513,1
6.651227033972621,5.071475803022881,0
-6.166559077208319,-1.1561419016984313,1
-1.7699588258568102,1.505685904398765,1
6.035640394263275,3.608532431522566,0
4.880782911153063,4.647570639860053,0
3.420180205129939,1.1650051322561001,0
0.5772520263461338,2.2068677693579435,0
-5.72077317387132,-3.934708353842744,1
-3.0905657532947504,1.2805769028569502,1
-3.3919481626141823,-2.2019298243750276,1
-0.403392711296652,1.201439787254277,1
5.915772821500779,4.912987518614082,0
-0.1452837072597255,2.021798054857885,1
-3.451111068621701,0.8396663159057014,1
5.335323705889147,2.0104661456092865,0
3.862453363255881,2.269311456186464,0
-2.7766535905905734,1.1616431673108703,1
1.168598232000833,6.262325752060843,1
6.701003160807519,4.073457704311764,0
-3.740181191484001,-1.0435109539864844,1
-0.18831882175831294,2.4479640841840293,1
-0.9194090005935389,3.451794324342545,1
3.442773006348543,2.803500892401339,0
-0.370826855841774,4.6795761102728175,1
4.975461387809911,4.7275501270551334,0
-4.108603131596297,-1.89762122714377,1
-0.35123950548745797,3.6347886817478083,1
-3.887048105138134,-1.1326392594020662,1
-2.0003467505333457,2.0510209341217798,1
7.015742711173916,3.0833707462348325,0
-2.9659051983722855,0.5410152882396555,1
5.929435124462021,3.623602835132597,0
3.8927966087060764,3.79787344666526,0
-0.04268526540815376,5.004176554495256,1
4.878360971044996,4.575912759137586,0
7.8435391308919975,6.204196698177395,0
-2.5691573303618815,0.7354554739396597,1
10.235538476322835,5.318355595528775,0
-0.6731578649993604,5.329323904349234,1
-2.7188114215601407,-0.6254603819160385,1
4.448968040083141,3.397242344175428,0
4.062826034752618,4.4437967428881535,0
4.948298690286685,1.5853405544290449,0
-2.7916239608878293,0.8308170620913122,1
-2.8674752739594096,-0.5320149834827916,1
2.5054022345827196,3.2373395114170256,0
-2.153374282489794,1.3996537693450197,1
-2.879942810362968,0.11395382646487184,1
4.677549814148789,4.406618792215315,0
-0.03410413215889574,4.249947105599614,1
4.588085453091587,3.1520271968827425,0
-7.493345761651296,-5.849745219870194,1
-0.35858255634813574,3.599076201659468,1
-1.7392118930235854,1.9262449979197627,1
-0.9643922941248873,3.7860497934114337,1
-0.3853166227640825,1.551896726488859,1
-1.498910555005884,2.5941514684180946,1
-1.948869502419675,3.075101192096274,1
-0.4842738616183553,0.9369872439201548,1
3.9624601588508632,5.22783979989004,0
-3.1109078326670803,-0.03753133951733911,1
3.835580515118862,2.454278400108543,0
6.961312449802324,0.12699268840819178,0
-2.8709105419284846,2.094012064428496,1
8.53296344169796,8.829751464175386,0
-1.7690325035777357,-0.00931239983818144,1
2.467348084930218,2.724940672150824,0
1.9507025765892831,4.068335072187454,0
6.1591153934204375,3.053318372012539,0
1.4702320073577408,4.587049436917204,1
-2.763761112958857,-2.4491291720815225,1
4.963708116084423,5.203112047049381,0
-2.032465325338978,-0.5938543910988434,1
-3.1987794969858063,-0.2573316429134578,1
-1.863054882205454,0.781503012490806,1
7.679330731050918,4.241704610203662,0
-0.7655287073164598,3.25855327758918,1
-3.0484032566806363,-0.20770173021167881,1
6.200294404501711,3.2045904380136596,0
-3.5167509783097533,-1.5147115315256126,1
-4.848634565195395,0.40902688339602156,1
6.9845195433166785,5.306453391515554,0
3.832331214396328,2.1752807681505404,0
6.473232630189433,2.984820872467695,0
-0.6319208749273828,2.9185557183945625,1
5.295643595299592,4.691223759183297,0
-4.97940479937202,-3.7050920309141695,1
-2.4937197801615474,-0.545726655592855,1
-1.4368940776761105,-0.8766410610558908,1
5.32018750746725,2.4024223058092526,0
-2.0567829485027893,0.24402148382335587,1
-0.8523472784619968,2.193466469439869,1
-3.063264086933713,-0.3661990020484922,1
4.017396737574005,7.137993078622162,0
0.37283395192140745,0.24260249484870133,0
-1.56254732681343,0.7549868811827423,1
4.826455637709976,3.2249264680165055,0
-3.2447527311243682,-3.3683882522586224,1
7.8148446360532935,5.2596327805567595,0
1.206062305640363,4.140694664278957,1
-0.6261962801550995,3.5002454743392826,1
7.521560523570334,2.906166804020469,0
4.701763790770225,3.210240790744422,0
1.6702290533435118,4.159226687369522,1
3.011045736080839,1.1259743122964716,0
-0.8601431843275971,1.3683961435077765,1
0.4555620578424824,2.9400763390870615,1
0.8264291988175043,4.035112981862222,1
3.5420030715187893,-0.5257197383134864,0
4.854513554086021,3.1431169229439515,0
5.103207398482365,-0.23802342110845842,0
-1.0068320878484103,1.1916388959727384,1
-2.67535676714761,1.7552540823601517,1
2.4285113892759034,2.65670974350115,0
-2.519037831202259,-0.8723626662047697,1
4.248370007954667,5.3358568033956555,0
3.4989763450622258,1.6743026006527644,0
-1.072188150540124,3.742675992355614,1
1.952430927671252,6.044087315972372,1
5.017959580777381,-1.115357301085215,0
-2.890839744215493,-0.25466814462842824,1
0.1316173829951266,3.8796525162178113,1
1.6702974581938235,2.87025675887799,0
5.378322368013143,5.249239039927979,0
-1.238566256884751,1.317228146868945,1
6.381777978613517,7.762605105201004,0
-4.687209145683619,-0.9624607152999056,1
4.880170993260128,4.707755627640555,0
-2.1449516024013455,-0.4202452781078412,1
2.6741692236854315,3.3578093574655545,0
-4.799676037926892,-1.443937623715005,1
-3.988770885301141,-0.5085003557697363,1
10.385867324810944,4.88629976890773,0
4.49076160486824,3.5956952015807273,0
2.3744885924884884,2.035068483721672,0
-5.28935566618968,-4.622733561310105,1
5.705331617311464,4.2330714337554936,0
3.645939222768866,2.9224220868862294,0
3.1433684744710684,7.857501692510436,1
6.26529116001247,6.949545078287735,0
8.044285677942044,5.266691051480208,0
7.875419879070142,5.200493070899757,0
-4.380858904228277,-2.7587258833596753,1
7.547360270099334,4.379962615383214,0
2.5994584013717192,-0.9753867611763427,0
-4.989459377532929,-1.0891005297023848,1
4.363150625746118,2.83147304191536,0
-1.353237292197084,3.146688202426424,1
6.752759850906898,2.5566551003534714,0
5.041831770812008,4.949762929429401,0
-0.7228182716195737,3.2801203246538657,1
-1.967540749472454,1.6801144133303638,1
-1.7943558953270853,1.704465554652657,1
0.013408253872955633,3.799245937838751,1
-1.6904836385799473,2.4955694739955527,1
-5.610967073189332,-3.8342348774503057,1
-2.8382930564463313,0.9805214645448697,1
-4.712519346102425,-2.299684273146667,1
5.534932944939298,7.898566183540946,0
-2.789977455209603,-0.1471832672077933,1
3.3887370537542885,2.060830053700295,0
-3.4258237988670555,-0.37609576212269946,1
5.705361437070574,5.5611423184604085,0
7.692689370743221,8.28436668118277,0
2.759615683871183,3.6407451166536102,0
4.615038770515804,4.071495430793615,0
4.1386751863417315,2.7736755010412075,0
-1.6587885932646984,4.50580158424147,1
4.085708641154147,2.8256565181571673,0
-2.7815228512036043,-0.1370011260631041,1
-1.4128955561097718,1.2528550769707776,1
-0.2671511817050374,1.4184657077092635,1
0.6638835539050083,5.005294208124025,1
-3.9752074662876433,-0.45605170526318073,1
-2.7736854843942798,0.5789160600640263,1
-2.0695177423345994,1.389650415444604,1
-3.7401235188944773,-2.3358360345605322,1
8.096461733828788,4.752518548027199,0
-4.263348589485073,-2.211225189270836,1
-3.7933110870633993,-0.1188596806206288,1
0.031565711244570416,5.7257118040697765,1
-2.950365194407852,0.8669279225950823,1
-2.8557263781744493,0.7488868182678201,1
-3.7125706866544066,0.9898038412717857,1
1.1737683662830651,2.811034277324619,1
-4.507836135948196,-1.410141347358219,1
6.0815212986260025,1.9037261702685528,0
-3.266577511313451,0.04645434929042269,1
-1.8309639252746082,0.3933774022566261,1
-5.702070384776358,-2.48446601867662,1
-3.3041803938387244,0.4199036803951096,1
5.823996971548049,4.251551071866711,0
8.39046962035381,6.0676358357401785,0
-2.509811076110907,1.1283192000254314,1
-3.6713989593268535,1.527121718816393,1
3.2899157119448628,2.345960085996616,0
-0.518765425493557,2.0041471036203085,1
-3.468602236692882,-2.312370972407018,1
7.460475134365362,2.854762741529597,0
6.884899701634319,4.62793024136074,0
5.201337303902329,3.970339545304459,0
-0.6107778696608133,2.3095541700202267,1
-2.1771249835183477,2.140648391058382,1
0.19075389500726514,5.053131763911352,1
-0.2800220090738075,0.19470251379668269,1
-0.6539345993579033,6.286928775073213,1
-3.4756373828334777,-1.4199250372954264,1
-3.517479495941643,2.3584897339120023,1
0.7569368328528912,2.1800579088765213,1
-0.5346488302245938,2.520538915689235,1
-3.1328476389286513,-0.43140270771684164,1
-2.4853446437073137,0.18653370202706676,1
-2.5948917752907277,-0.8544264090230782,1
-0.8963459857160161,1.4188947652407842,1
-0.20176554920941725,4.942665104094089,1
-0.5858684079998735,2.6651413833543844,1
8.811358127508127,4.991418721340375,0
5.145113551540606,3.267005731330731,0
1.4837451217780764,3.5898775465488577,1
-0.7758123842120697,2.7586113802563235,1
7.2361907331240705,5.755316338983385,0
7.140006176486713,7.864006277310981,0
3.680732657896203,2.9019589030535586,0
0.21974805687488708,1.8714797368376566,1
-2.5544400987185165,0.4616847229310953,1
-3.8344019457350043,-1.9330970499512445,1
-3.8192433767799923,-1.9964125079673574,1
6.217679094310864,6.092703591550604,0
-2.926286955897321,0.8533129993996291,1
4.729055966219785,3.426560672727033,0
-4.059511797582699,-1.8320138271453366,1
-0.4863791281186258,2.2888253083575076,1
5.590983885788468,2.290812897483741,0
-0.08905350408387092,2.4578007119573435,1
0.3023434934921867,4.994129154996585,1
3.3643535259956936,2.433577274366205,0
-2.4566439747369713,-0.04660037052231303,1
2.194042609621101,0.8350041830558999,0
-4.166468077257408,-0.9734658783650236,1
2.0303929731580816,0.8335009685423218,0
-3.6453174665189465,-1.9818606800656906,1
4.462627104000573,1.8436544662150407,0
7.1583184260017045,5.099773812601919,0
0.5632466928872981,4.151591223060521,1
-6.033034587043375,-3.293864359635217,1
-5.758447513851992,-4.097635353988266,1
10.203342413727713,7.236510456409652,0
-0.3393741607268792,2.12806739483889,1
-1.9724371374854623,1.1134619564512425,1
5.425354571588286,5.924222371043767,0
4.7313886081775625,4.228963227779729,0
7.161589105019797,5.250533415012937,0
4.195738750140174,6.150526080089513,0
8.217352825449584,6.9719835504593295,0
4.464855304059419,1.1351991111373394,0
-1.9493309566627892,0.43079548497054043,1
-2.380278692646986,0.4379640011486734,1
0.14970821665082124,1.3158077674682,1
-3.958769391112617,1.2565991091446969,1
4.644819275345116,4.1457118758666365,0
-1.1611004723114542,4.049106729263197,1
6.036448414060993,6.084350322446335,0
-1.354675293499712,4.096756261089224,1
5.86750241469375,6.921313907334989,0
-3.711949283625951,3.009152864097819,1
5.053962251625888,5.07375874857896,0
5.623369253134331,7.280631386833202,0
4.2803304285877335,2.491120182868554,0
5.760841874766626,3.9932400233511354,0
-2.372812887444357,-1.1935075244505753,1
-2.505188438393847,1.8258889469212614,1
5.065948393420091,3.0580329105988704,0
4.65460549069149,4.335025444428165,0
-7.300691191725226,-5.563828661924159,1
-3.8310689495003074,-1.1787061069589098,1
5.715613331948606,1.9216892164463428,0
3.744371237966976,2.452750321789344,0
5.114319997718408,4.507872191032323,0
4.907847844209736,3.9080166303925647,0
-1.1970625055317752,3.176497542009278,1
4.870768021977871,2.5469161398445688,0
-2.713360330416493,1.0887358166166201,1
5.289663834791848,2.622926222893037,0
-2.4444830138245983,-1.5283560904426174,1
-5.656864709110623,-3.2778428677321374,1
5.7399403508781415,6.4499789994727,0
1.4377078013521798,2.933607771471043,0
4.137617085594693,5.992587652963701,0
-0.14065230618842928,3.129069680144052,1
0.9923194011452896,1.7807460581721086,0
6.394814227505954,2.6420392293500576,0
-2.1194909470133947,0.30839924179766554,1
2.083836855799806,7.223365675655155,1
-0.6140145343295669,1.1332382723244012,1
-4.300436101382291,0.22171708555415415,1
3.7082705923992645,4.399236809362972,0
-2.3515920235343852,-0.17373280773409494,1
-1.6780532052923034,0.8600952878445475,1
5.679853809704193,6.627642066138995,0
-2.756767187450044,1.9546816819643023,1
7.034658100348151,4.181506217537103,0
-1.7397536343543931,-1.3976606786022479,1
3.854305143767274,3.715947149783039,0
-4.242366241074092,-3.4326360773370634,1
-3.5133574773360694,0.48496621384076943,1
3.719562160217926,3.983525127740716,0
3.449588936682725,3.334680185090831,0
1.712588966048279,5.367895166740448,0
3.094491172630054,1.7537143259178318,0
7.0579545650327065,2.396142913337646,0
4.750090403328794,2.3439522415331897,0
0.3081347123586222,2.5731306014519273,1
-0.2293540103433802,3.305934397455128,0
3.202987635655879,2.901688880776738,0
-1.0623128770259893,1.3375529705278635,1
6.039576579275386,7.28125788208172,0
-4.602371356644928,-0.9632719568365595,1
6.868178292879247,6.366250537493132,0
0.4634726990919873,5.312085760252051,1
-2.957104567244256,-0.850645218025194,1
1.198614702430727,5.145167698145853,1
-2.446943489985072,2.2788913598468823,1
-3.876978491376202,-1.598493946316942,1
5.905046023284507,5.699112623315489,0
-0.9625171948385955,1.41301072052709,1
7.943656650591778,5.2821168873811075,0
-3.154118792724719,0.22516954252048405,1
9.933546269737136,7.360414719528798,0
3.7779211410582967,3.868567664992417,0
3.9725441637445726,2.1850618192954285,0
2.2204715371659702,2.7222095146284895,0
1.1869146135384967,4.290693564762412,1
1.550418410804864,1.2650572562261173,0
4.023846762069785,3.7824068308001104,0
5.311047119413082,5.7003883426699,0
-4.792714773751586,-1.7758457023235352,1
-3.2786035121032864,-0.840184799822806,1
-2.825021794169519,1.8065497920313915,1
-4.393571892514014,-1.4338195864278296,1
6.811885990586433,5.285739141673727,0
-6.738627670381671,-2.6329263455305205,1
-5.046838214708538,-4.180377416183878,1
-2.5933572529507716,-1.5385757789087444,1
-2.5559529233872973,-1.2132126312360958,1
-2.166925471673288,2.97737237629873,1
-4.449392370339665,-1.3131026513667199,1
-2.841197696693894,-0.7478708246375816,1
9.900836534455939,4.2336042947593295,0
3.705246506875543,2.322637857112313,0
8.438567027235962,5.989881988419561,0
5.183483666831908,3.6357826557394337,0
-3.5348784114726803,-1.8264805035625384,1
-3.0661176003431105,-0.2711130765525662,1
-2.007151089233911,0.5577268975485279,1
-4.349894434863927,-3.0981303347477347,1
4.605458131957728,5.818035552077506,0
-0.2006620484706918,3.1773258125430472,1
8.53373654746965,6.882340327322192,0
7.519891412205707,2.3249894969854243,0
-7.522716917354098,-4.443681492075559,1
6.3730405267800325,4.642101338551583,0
4.260705306156451,4.422259496816044,0
3.712569380921913,3.4434575096500697,0
-0.33955267575993364,3.7591032294540714,0
7.776902568659956,5.804514307261863,0
4.776326001907055,4.181920555702614,0
1.5530590122957846,4.605836703205719,1
7.224300379694677,4.19686564681388,0
8.624645778760092,5.573825523204284,0
3.1694917442329467,3.2558002808433364,0
7.812618115925156,2.554222337525121,0
-0.22787833661018642,3.7624634997179003,1
-1.5455200320774098,3.113774232601646,1
-4.580668004586482,-2.0968520054885422,1
-0.8549174643948645,1.864440952746567,1
3.379528256770575,5.9761036586167,0
-2.386288223944159,1.9673373151503066,1
0.8568950073133514,2.7100859066225116,1
-3.5278263600430955,-1.1243928001904782,1
5.589156879823387,4.0488466211491945,0
0.9904327471771666,4.690750315812737,1
5.90404166564477,1.693499171379635,0
5.985962610334215,-1.1093025203712923,0
2.679049368545169,0.7636505066315178,0
-0.6060954067458317,2.2146005564308857,1
4.656921290532387,4.147663308523051,0
5.4129436315090445,1.5933047736134238,0
-3.2975580515842715,-1.2189561400356363,1
3.46233241526203,5.466356926556838,1
4.095270735529128,3.7273664768177,0
-3.9750810379816266,0.11851226476316545,1
7.985235276302454,-0.3115903741271113,0
0.5170147035880128,2.6934875208556934,1
4.002939916556679,2.776603097098884,0
6.716467334151834,3.508490063408511,0
10.67821007557749,8.59121905971222,0
5.92053530288759,5.384857949021029,0
-1.8028967380758214,1.7845031038499783,1
4.51927062614343,-0.24232622980468488,0
-0.8934330932922256,3.608800359267898,1
2.451515659590342,5.521662265052477,0
5.841929687594572,5.861571103146808,0
0.1332851195766347,5.328047705518564,1
0.6460716232404806,2.3645128238317037,0
4.753164064002142,3.2484158140331756,0
-0.6906991793782555,-0.42874596410475085,1
-2.203546800498302,1.5394029490969887,1
2.131916799908342,4.128665680501806,0
5.094897056113564,7.127634349564236,0
-1.2944702113776565,2.1171391999719047,1
-0.4791676692302582,0.8600239319637498,1
5.678916515601977,4.146141535584067,0
-1.5704707598022614,0.712592767742741,1
5.434375404461194,1.810769072906771,0
1.4514773525143472,4.580307348696766,1
-0.18606973630665324,2.703990182986428,1
7.040864889900789,6.386040725345027,0
-0.9634073488139514,0.11866536194818156,1
7.94812809934831,6.913002446393419,0
1.6368223409465008,6.18898081560731,1
1.3342341443860857,3.6290221395927436,0
9.511520125126985,5.577429634345005,0
-2.352112524293172,-2.47283361948821,1
-1.1472629168594906,2.8111746200985173,1
-0.972487989887975,2.3273336874506945,1
-2.717399924678483,-1.2878558695506093,1
2.958589513874357,6.548825193849918,1
-3.0008058002823086,0.5422496926485807,1
4.583682876095121,0.7883105498583141,0
-0.7231955888165444,4.01281372405231,1
-1.6352212228119125,-1.8950235464575553,1
